;;;
2025-03-31 14:49:14;272340476;Alexparok;–Ω–∞–∂–∞–ª üì≤ –ù–∞–ø–∏—Å–∞—Ç—å –Ω–∞–º
2025-03-31 14:50:54;272340476;Alexparok;–Ω–∞–∂–∞–ª üè† –ú–µ–Ω—é
2025-03-31 14:50:55;272340476;Alexparok;–æ—Ç–∫—Ä—ã–ª –∫–∞—Ç–µ–≥–æ—Ä–∏—é: –î–ª—è –Ω–µ–µ
2025-03-31 14:50:57;272340476;Alexparok;–æ—Ç–∫—Ä—ã–ª –ø–æ–¥–∫–∞—Ç–µ–≥–æ—Ä–∏—é: –≤–∏–±—Ä–æ–ø—É–ª–∏
2025-03-31 14:51:09;272340476;Alexparok;–Ω–∞–∂–∞–ª üì≤ –ù–∞–ø–∏—Å–∞—Ç—å –Ω–∞–º
2025-03-31 14:51:18;272340476;Alexparok;–ø–æ–¥—Ç–≤–µ—Ä–¥–∏–ª –≤–æ–∑—Ä–∞—Å—Ç 18+
2025-03-31 14:51:20;272340476;Alexparok;–≤—ã–±—Ä–∞–ª –ø–æ–ª: boy
2025-03-31 14:51:22;272340476;Alexparok;–æ—Ç–∫—Ä—ã–ª –∫–∞—Ç–µ–≥–æ—Ä–∏—é: –ê–Ω–∞–ª
2025-03-31 14:51:24;272340476;Alexparok;–æ—Ç–∫—Ä—ã–ª –ø–æ–¥–∫–∞—Ç–µ–≥–æ—Ä–∏—é: –ø–ª–∞–≥–∏
2025-03-31 15:14:16;272340476;Alexparok;–Ω–∞–∂–∞–ª üè† –ú–µ–Ω—é
2025-03-31 15:14:18;272340476;Alexparok;–æ—Ç–∫—Ä—ã–ª –∫–∞—Ç–µ–≥–æ—Ä–∏—é: –î–ª—è –ø–∞—Ä
2025-03-31 15:14:20;272340476;Alexparok;–æ—Ç–∫—Ä—ã–ª –ø–æ–¥–∫–∞—Ç–µ–≥–æ—Ä–∏—é: —Ñ–∏—Å—Ç–∏–Ω–≥
2025-03-31 15:34:08;272340476;Alexparok;–Ω–∞–∂–∞–ª üè† –ú–µ–Ω—é
